"House","Title","ImageUrl","SavedAs","PostUrl"
"4","4711 Remix Cologne Edition 2019","https://fimgs.net/photogram/p640/2y/fv/A8OkWFl34cyP1puQ.jpg","4-4711-Remix-Cologne-Edition-2019.jpg","https://www.dufteriet.no/2025/08/4711-remix-cologne-edition-2019.html"
"A","Abercrombie & Fitch Fierce Cologne","https://media.parfumo.com/perfume_imagery/2f/2f0ca5-fierce-cologne-abercrombie-fitch_1200.jpg","A-Abercrombie-&-Fitch-Fierce-Cologne.jpg","https://www.dufteriet.no/2025/08/abercrombie-fitch-fierce-cologne.html"
"A","Adi Ale Van - U.M.B.R.E","https://media.parfumo.com/perfume_imagery/01/0179f3-u-m-b-r-e-adi-ale-van_1200.jpg","A-Adi-Ale-Van---U.M.B.R.E.jpg","https://www.dufteriet.no/2025/08/adi-ale-van-umbre.html"
"A","AL HARAMAIN - Amber Oud Aqua Dubai","https://media.parfumo.com/perfumes/24/24332b-amber-oud-aqua-dubai-al-haramain_1200.jpg?width=720&aspect_ratio=1:1","A-AL-HARAMAIN---Amber-Oud-Aqua-Dubai.jpg","https://www.dufteriet.no/2025/08/al-haramain-amber-oud-aqua-dubai.html"
"A","AMOUAGE - Imitation Man","https://fimgs.net/photogram/p1200/cd/y7/qSNESLcvV1Lh75qj.jpg","A-AMOUAGE---Imitation-Man.jpg","https://www.dufteriet.no/2025/08/amouage-imitation-man.html"
"A","AMOUAGE - Portrayal Man","https://fimgs.net/photogram/p1200/ei/wu/LScIqO3aUX8y0OAW.jpg","A-AMOUAGE---Portrayal-Man.jpg","https://www.dufteriet.no/2025/08/amouage-portrayal-man.html"
"A","ARGOS - Charon's Vail","https://oligarch.com.au/wp-content/uploads/2024/12/ARGOS-Charons-Vail-Perfume-Australia.webp","A-ARGOS---Charon's-Vail.webp","https://www.dufteriet.no/2025/08/argos-charons-vail.html"
"A","ARGOS - Danaë","https://cdn4.beautinow.com/wp-content/uploads/2024/01/Argos-Danae-Eau-de-Parfum-2.jpg","A-ARGOS---Danaë.jpg","https://www.dufteriet.no/2025/08/argos-danae.html"
"A","ARGOS - Fall of Phaeton ","https://luxeparfum.co.uk/cdn/shop/files/Argos_Fall_Of_Phaeton_Bottle_with_Ingradients_Picture.webp?v=1698846932","A-ARGOS---Fall-of-Phaeton.webp","https://www.dufteriet.no/2025/08/argos-fall-of-phaeton.html"
"A","ARGOS - Neptune's Trident","https://houseofniche.us/cdn/shop/files/yrublqivzxne1.jpg?v=1744214546&width=1445","A-ARGOS---Neptune's-Trident.jpg","https://www.dufteriet.no/2025/08/argos-neptunes-trident.html"
"A","ARGOS - Pallas Athene","https://apaniche.vn/wp-content/uploads/2024/03/argos-pallas-athene-edp-mui-huong.webp","A-ARGOS---Pallas-Athene.webp","https://www.dufteriet.no/2025/08/argos-pallas-athene.html"
"A","ARGOS - Sacred Flame","https://oligarch.com.au/wp-content/uploads/2024/08/Argos-Sacred-Flame-Perfume-Australia.png","A-ARGOS---Sacred-Flame.png","https://www.dufteriet.no/2025/08/argos-sacred-flame.html"
"A","ARGOS - Triumph Of Bacchus Extrait","https://tuxedo.no/cdn/shop/files/ArgosTriumphofBacchusExtrait100mlBottleCandidPoseZoomOut_900x_0779fc6f-d1c0-4718-b390-b521fa795c0c.webp?v=1729274900&width=1946","A-ARGOS---Triumph-Of-Bacchus-Extrait.webp","https://www.dufteriet.no/2025/08/argos-triumph-of-bacchus-extrait.html"
"A","ARMAF - CLUB DE NUIT INTENSE MAN EDT","https://tse1.mm.bing.net/th/id/OIP.JfLTq6aG4yoLtKS0ucADIwHaHa?pid=Api","A-ARMAF---CLUB-DE-NUIT-INTENSE-MAN-EDT.JfLTq6aG4yoLtKS0ucADIwHaHa","https://www.dufteriet.no/2025/08/armaf-club-de-nuit-intense-man-flaske.html"
"B","BDK - ROUGE SMOKING EXTRAIT","https://media.johnlewiscontent.com/i/JohnLewis/112902823alt1?fmt=auto&$background-off-white$&wid=1440&sm=c","B-BDK---ROUGE-SMOKING-EXTRAIT.jpg","https://www.dufteriet.no/2025/08/bdk-rouge-smoking-extrait.html"
"B","BOADICEA THE VICTORIOUS - CONSORT","https://cdn.shopify.com/s/files/1/0572/8357/5976/files/BV100CON_BOADICEA_Consort_FIRECOLLECTION_style.jpg?v=1631882970","B-BOADICEA-THE-VICTORIOUS---CONSORT.jpg","https://www.dufteriet.no/2025/08/boadicea-victorious-consort-flaske.html"
"C","Caron - Pour Un Homme de Caron Le Matin","https://media.parfumo.com/perfumes/77/774909-pour-un-homme-de-caron-le-matin-caron_1200.jpg","C-Caron---Pour-Un-Homme-de-Caron-Le-Matin.jpg","https://www.dufteriet.no/2025/09/caron-pour-un-homme-de-caron-le-matin.html"
"C","CHANEL - PLATINUM EGOISTE EDT","https://u-mercari-images.mercdn.net/photos/m62576199445_2.jpg","C-CHANEL---PLATINUM-EGOISTE-EDT.jpg","https://www.dufteriet.no/2025/08/chanel-platinum-egoiste-edt.html"
"C","CHANEL - SYCOMORE","https://i.ebayimg.com/images/g/sigAAOSw1rNlsbfj/s-l1200.jpg","C-CHANEL---SYCOMORE.jpg","https://www.dufteriet.no/2025/08/chanel-sycomore.html"
"C","CHAPEL FACTORY - L'EAU D'EPINE","https://zgoperfumery.com/cdn/shop/files/chapel-factory-chapel-factory-eau-depine-eau-de-parfum__67134.1700106450.1280.1280.jpg?v=1750623245&width=600","C-CHAPEL-FACTORY---L'EAU-D'EPINE.jpg","https://www.dufteriet.no/2025/08/chapel-factory-leau-depine.html"
"C","CHRISTIAN PROVENZANO PARFUMS - COLOSSEUM","https://almaycasa.co.il/cdn/shop/files/CHRISTIAN_PROVENZANO_Colosseum_100ml_Extrait_De_Parfum_02.jpg?v=1749820024","C-CHRISTIAN-PROVENZANO-PARFUMS---COLOSSEUM.jpg","https://www.dufteriet.no/2025/08/christian-provenzano-parfums-colosseum.html"
"C","CITY RHYTHM - 86.41","https://images.squarespace-cdn.com/content/60e7abd541a3ce08a68a3ada/134bbd50-b52f-4784-bdf2-ac63813e9be2/IMG_4785.jpeg?format=1500w&content-type=image%2Fjpeg","C-CITY-RHYTHM---86.41.jpeg","https://www.dufteriet.no/2025/08/city-rhythm-8641.html"
"C","CITY RHYTHM - AUSTIN","https://img.kenperfume.com/wp-content/uploads/2023/05/0D76CB3C-CB48-4564-99D9-5FC73C4C68E1.jpg","C-CITY-RHYTHM---AUSTIN.jpg","https://www.dufteriet.no/2025/08/city-rhythm-austin.html"
"C","CITY RHYTHM - BARCELONA","https://images.squarespace-cdn.com/content/v1/60e7abd541a3ce08a68a3ada/1732167444415-UWA7B5Z9LIQB59YV5H41/60DE784B-9560-489D-B81A-771C7624E5B0.jpeg?format=1500w","C-CITY-RHYTHM---BARCELONA.jpeg","https://www.dufteriet.no/2025/08/city-rhythm-barcelona.html"
"C","CITY RHYTHM - MANHATTAN","https://i.ebayimg.com/images/g/fagAAOSwWVxkZeeh/s-l1200.png","C-CITY-RHYTHM---MANHATTAN.png","https://www.dufteriet.no/2025/08/city-rhythm-manhattan.html"
"C","CITY RHYTHM - MANHATTAN MIDNIGHT","https://images.squarespace-cdn.com/content/v1/60e7abd541a3ce08a68a3ada/fe5ff355-6941-4033-9cac-4465bddef46f/27F81F68-EED8-4516-A6D3-CD48FA0D1F1E.jpg?format=1000w","C-CITY-RHYTHM---MANHATTAN-MIDNIGHT.jpg","https://www.dufteriet.no/2025/08/city-rhythm-manhattan-midnight.html"
"C","CITY RHYTHM - MARTHA'S VINEYARD","https://fimgs.net/mdimg/perfume/o.112551.jpg","C-CITY-RHYTHM---MARTHA'S-VINEYARD.jpg","https://www.dufteriet.no/2025/08/city-rhythm-marthas-vineyard.html"
"C","CITY RHYTHM - MIAMI","https://static1.squarespace.com/static/60e7abd541a3ce08a68a3ada/t/66f9815960a1807725992c19/1727627609942/IMG_1877.jpeg?format=1500w","C-CITY-RHYTHM---MIAMI.jpeg","https://www.dufteriet.no/2025/08/city-rhythm-miami.html"
"C","CITY RHYTHM - MIAMI TROPICAL CONFESSIONS","https://tuxedo.no/cdn/shop/files/A4343F41-EEE4-4BB3-ACBA-1280A7F48433.jpg?v=1743280035&width=1946","C-CITY-RHYTHM---MIAMI-TROPICAL-CONFESSIONS.jpg","https://www.dufteriet.no/2025/08/city-rhythm-miami-tropical-confessions.html"
"C","CITY RHYTHM - NASHVILLE","https://www.hausofdubai.com/cdn/shop/files/IMG_3962.jpg?v=1736272326&width=1946","C-CITY-RHYTHM---NASHVILLE.jpg","https://www.dufteriet.no/2025/08/city-rhythm-nashville.html"
"C","CITY RHYTHM - PUERTO RICO","https://www.olfactoryfactoryllc.com/cdn/shop/files/squared_eighteenth_image.jpg?v=1740441384","C-CITY-RHYTHM---PUERTO-RICO.jpg","https://www.dufteriet.no/2025/08/city-rhythm-puerto-rico.html"
"C","CITY RHYTHM - RED LINE 2654","https://images.squarespace-cdn.com/content/v1/60e7abd541a3ce08a68a3ada/1753909476861-13G8R9VEK8MGUK43NWEF/11987339-B89F-42D6-9D56-CC7907C44A5D.jpeg?format=1000w","C-CITY-RHYTHM---RED-LINE-2654.jpeg","https://www.dufteriet.no/2025/08/city-rhythm-red-line-2654.html"
"C","CITY RHYTHM - SAN DIEGO","https://images.squarespace-cdn.com/content/v1/60e7abd541a3ce08a68a3ada/b25f3332-584e-49f3-a55f-b254415c63a0/san+diego+versie1.jpeg?format=1000w","C-CITY-RHYTHM---SAN-DIEGO.jpeg","https://www.dufteriet.no/2025/08/city-rhythm-san-diego.html"
"C","CITY RHYTHM - ST. JOHN","https://tuxedo.no/cdn/shop/files/CityRhythmSt.JohnExtrait_1.webp?v=1743280573","C-CITY-RHYTHM---ST.-JOHN.webp","https://www.dufteriet.no/2025/08/city-rhythm-st-john.html"
"C","CITY RHYTHM - TEMPO","https://www.nichefragrancelovers.com.au/cdn/shop/products/C353F462-22B7-44D5-BE9A-D7634951ECFB_2048x.jpg?v=1666269627","C-CITY-RHYTHM---TEMPO.jpg","https://www.dufteriet.no/2025/08/city-rhythm-tempo.html"
"C","CLIVE CHRISTIAN - JUMP UP AND KISS ME HEDONISTIC","https://losaromas.ee/image/cache/catalog/products/stock/CLIVE_CHRISTIAN/21963-Clive_Christian_Jump_Up_And_Kiss_Me_Hedonistic_2021_Parfum_Clive_Christian_Jump_Up_And_Kiss_Me_Hedonistic_2021_Parfum_50_ml-1000x1000.jpg","C-CLIVE-CHRISTIAN---JUMP-UP-AND-KISS-ME-HEDONISTIC.jpg","https://www.dufteriet.no/2025/08/clive-christian-jump-up-and-kiss-me.html"
"C","CREED - AVENTUS","https://s1.thcdn.com/design-assets/products/12870029/12870029/12870029-1.jpg","C-CREED---AVENTUS.jpg","https://www.dufteriet.no/2025/08/creed-aventus.html"
"C","CREED - EROLFA","https://mediafiles.maxaroma.com/9cd29e92-4b8f-436f-ad1f-8e368b30dc1d/https://www.maxaroma.com/productimages/large/UP3508441001015_1.jpg?ver=1726028527","C-CREED---EROLFA.jpg","https://www.dufteriet.no/2025/08/creed-erolfa.html"
"C","CREED - GREEN IRISH TWEED","https://creedboutique.com/cdn/shop/files/1500x1500_GIT-Notes.jpg?v=1745962586&width=1500","C-CREED---GREEN-IRISH-TWEED.jpg","https://www.dufteriet.no/2025/08/creed-green-irish-tweed.html"
"C","CREED - ROYAL OUD","https://mediafiles.maxaroma.com/9cd29e92-4b8f-436f-ad1f-8e368b30dc1d/https://www.maxaroma.com/productimages/large/UP3508441001121_1.jpg?ver=1726115186","C-CREED---ROYAL-OUD.jpg","https://www.dufteriet.no/2025/08/creed-royal-oud.html"
"C","CREED - ROYAL WATER","https://media.johnlewiscontent.com/i/JohnLewis/237903416alt1?fmt=auto&$background-off-white$","C-CREED---ROYAL-WATER.jpg","https://www.dufteriet.no/2025/08/creed-royal-water.html"
"C","CREED - SILVER MOUNTAIN WATER","https://themadisonapothecary.com/cdn/shop/files/SILVER2.png?v=1708193161","C-CREED---SILVER-MOUNTAIN-WATER.png","https://www.dufteriet.no/2025/08/creed-silver-mountain-water.html"
"C","CREED - VIKING","https://www.creedfragrances.co.uk/cdn/shop/files/Viking-E6E5E1.png?v=1748003589&width=1500","C-CREED---VIKING.png","https://www.dufteriet.no/2025/08/creed-viking.html"
"C","CREED - VIRGIN ISLAND WATER","https://www.magasin.no/dw/image/v2/BFCS_PRD/on/demandware.static/-/Sites-mdn-master-catalog/default/dw71c49a7e/large2/D4/3508441001138_2.jpg?sw=600&sh=720&sm=fit&sfrm=jpg","C-CREED---VIRGIN-ISLAND-WATER.jpg","https://www.dufteriet.no/2025/08/creed-virgin-island-water.html"
"D","DIOR - EAU SAUVAGE COLOGNE","https://www.myperfumeshop.qa/cdn/shop/files/pixelcut-export_9_92d5eb30-339a-4200-a6f2-95763738f61b.jpg?v=1738609525&width=1080","D-DIOR---EAU-SAUVAGE-COLOGNE.jpg","https://www.dufteriet.no/2025/08/dior-eau-sauvage-cologne.html"
"D","DIOR - EAU SAUVAGE EXTREME EDT","https://i.etsystatic.com/30414437/r/il/e771d8/3231623617/il_fullxfull.3231623617_lbf2.jpg","D-DIOR---EAU-SAUVAGE-EXTREME-EDT.jpg","https://www.dufteriet.no/2025/08/dior-eau-sauvage-extreme-edt.html"
"D","DIOR - EAU SAUVAGE PARFUM","https://fredrikoglouisa.no/wp-content/uploads/2020/08/3348901363471.jpg","D-DIOR---EAU-SAUVAGE-PARFUM.jpg","https://www.dufteriet.no/2025/08/dior-eau-sauvage-parfum.html"
"D","DIOR - FAHRENHEIT EDT","https://finalchoice.com.pk/cdn/shop/files/1_ad8b5e72-f879-47cf-81e6-e3ba484351b7.webp?v=1743006851","D-DIOR---FAHRENHEIT-EDT.webp","https://www.dufteriet.no/2025/08/dior-fahrenheit-edt.html"
"D","DIOR - GRIS DIOR","https://www.dior.com/dw/image/v2/BGXS_PRD/on/demandware.static/-/Sites-master_dior/default/dw4daa46fb/Y0840550/Y0840550_C099700392_E02_GHC.jpg?sw=800","D-DIOR---GRIS-DIOR.jpg","https://www.dufteriet.no/2025/08/dior-gris-dior.html"
"D","DIOR - SANTAL NOIR","https://kaneen.com/media/catalog/product//S/a/Santal-Noir-Perfume-by-Dior-EDP-For-Men-and-Women-125-ml-2-33766537.webp","D-DIOR---SANTAL-NOIR.webp","https://www.dufteriet.no/2025/08/dior-santal-noir.html"
"D","DIOR - SAUVAGE EDP","https://fredrikoglouisa.no/wp-content/uploads/2020/06/3348901368254.jpg","D-DIOR---SAUVAGE-EDP.jpg","https://www.dufteriet.no/2025/08/dior-sauvage-edp.html"
"D","DIOR - TOBACOLOR","https://whitelabel.dior.com/dw/image/v2/BJSW_PRD/on/demandware.static/-/Sites-pcd-whitelabel-master/default/dw049c9869/Y0996186/Y0996186_E02_GHC.jpg?sw=700&sh=700","D-DIOR---TOBACOLOR.jpg","https://www.dufteriet.no/2025/08/dior-tobacolor.html"
"E","ELECTIMUSS -  AUSTER","https://cdn4.beautinow.com/wp-content/uploads/2023/08/174.2.jpg","E-ELECTIMUSS---AUSTER.jpg","https://www.dufteriet.no/2025/08/electimuss-auster.html"
"E","ELECTIMUSS  - PERSEPHONE'S PATCHOULI","https://encrypted-tbn0.gstatic.com/images?q=tbn:ANd9GcQI-8WQlhXVwntoxueSF_iM2tPgctSi6Dq8eg&s","E-ELECTIMUSS---PERSEPHONE'S-PATCHOULI.jpg","https://www.dufteriet.no/2025/08/electimuss-persephones-patchouli.html"
"E","ELECTIMUSS - BLACK CAVIAR","https://cdn4.beautinow.com/wp-content/uploads/2024/02/Electimuss-London-Nero-Black-Caviar-EDP-100ml-2.jpg","E-ELECTIMUSS---BLACK-CAVIAR.jpg","https://www.dufteriet.no/2025/08/electimuss-black-caviar.html"
"E","ESSENTIAL PARFUMS - BOIS IMPÉRIAL","https://tuxedo.no/cdn/shop/files/Essential-Parfums-Bois-imperial-7.jpg?v=1754575424&width=1445","E-ESSENTIAL-PARFUMS---BOIS-IMPÉRIAL.jpg","https://www.dufteriet.no/2025/08/essential-parfums-bois-imperial.html"
"E","EX NIHILO - BLUE TALISMAN","https://www.aromak.no/1204-superlarge_default/ex-nihilo-blue-talisman-edp.jpg","E-EX-NIHILO---BLUE-TALISMAN.jpg","https://www.dufteriet.no/2025/08/ex-nihilo-blue-talisman.html"
"E","EX NIHILO - THE HEDONIST","https://media.parfumo.com/perfumes/80/8017ed-the-hedonist-eau-de-parfum-ex-nihilo_1200.jpg","E-EX-NIHILO---THE-HEDONIST.jpg","https://www.dufteriet.no/2025/08/ex-nihilo-hedonist.html"
"F","FRAGRANCE ONE – OFFICE FOR MEN","https://mediafiles.maxaroma.com/9cd29e92-4b8f-436f-ad1f-8e368b30dc1d/https://www.maxaroma.com/productimages/large/UP4270000219672_1.jpg?ver=1755321790","F-FRAGRANCE-ONE-–-OFFICE-FOR-MEN.jpg","https://www.dufteriet.no/2025/08/fragrance-one-office-for-men.html"
"F","FRANCESCA BIANCHI - UNDER MY SKIN","https://i.makeup.uk/v/vt/vtxld0ffqqri.jpg","F-FRANCESCA-BIANCHI---UNDER-MY-SKIN.jpg","https://www.dufteriet.no/2025/08/francesca-bianchi-under-my-skin.html"
"G","GIORGIO ARMANI - THÉ YULONG SOIE DE NACRE","https://media.neimanmarcus.com/f_auto,q_auto:low,ar_4:5,c_fill,dpr_2.0,w_790/01/nm_4184522_100000_b","G-GIORGIO-ARMANI---THÉ-YULONG-SOIE-DE-NACRE.jpg","https://www.dufteriet.no/2025/08/giorgio-armani-yulong-soie-de-nacre.html"
"G","GISADA - AMBASSADOR FOR MEN EDP","https://i1.perfumesclub.com/grande/202804-4.jpg","G-GISADA---AMBASSADOR-FOR-MEN-EDP.jpg","https://www.dufteriet.no/2025/08/gisada-ambassador-for-men-edp.html"
"G","GUERLAIN - L’HOMME IDÉAL EDT","https://fimgs.net/mdimg/perfume-thumbs/375x500.25780.jpg","G-GUERLAIN---L’HOMME-IDÉAL-EDT.jpg","https://www.dufteriet.no/2025/08/guerlain-lhomme-ideal-edt.html"
"G","GUERLAIN - L'HOMME IDÉAL L'INTENSE EDP","https://fredrikoglouisa.no/wp-content/uploads/2024/10/3346470134928.jpg","G-GUERLAIN---L'HOMME-IDÉAL-L'INTENSE-EDP.jpg","https://www.dufteriet.no/2025/08/guerlain-lhomme-ideal-lintense-edp.html"
"G","GUERLAIN - METALLICA (METALYS)","https://i.etsystatic.com/34895077/r/il/d6242b/6139958424/il_fullxfull.6139958424_e9nb.jpg","G-GUERLAIN---METALLICA-(METALYS).jpg","https://www.dufteriet.no/2025/08/guerlain-metallica-metalys.html"
"G","GUERLAIN - SPIRITUEUSE DOUBLE VANILLE","https://hrd-live.cdn.scayle.cloud/images/304d9332d3a252290a24fdb2eed934b0.jpg?quality=75","G-GUERLAIN---SPIRITUEUSE-DOUBLE-VANILLE.jpg","https://www.dufteriet.no/2025/08/guerlain-spiritueuse-double-vanille.html"
"G","GUERLAIN - VÉTIVER FAUVE","https://storage.liveshopping.bambuser.com/lcpro-9cc17.appspot.com/o/screens%2FNlfe4Pt8z6P26eB0oT70%2FBGQvrMtkbQyv2ZHAHor1%2Fended-285bc41f-733e-4c4e-a104-4d35d087b0b8.jpg?alt=media&token=008ad531-1ad9-454a-ac2a-f46440fa9ca1","G-GUERLAIN---VÉTIVER-FAUVE.jpg","https://www.dufteriet.no/2025/08/guerlain-vetiver-fauve-flaske.html"
"H","HERMÈS -  EAU D'HERMÈS 2001 EDT","https://assets.hermes.com/is/image/hermesproduct/eau-d-hermes-eau-de-toilette--38290-worn-2-0-0-800-800_g.jpg","H-HERMÈS---EAU-D'HERMÈS-2001-EDT.jpg","https://www.dufteriet.no/2025/08/hermes-eau-dhermes-2001-edt.html"
"H","HOUBIGANT - AMBRE DES ABYSSES","https://www.houbigant-parfum.com/cdn/shop/products/Ambredesabyssesedp_1_1200x.png?v=1679649287","H-HOUBIGANT---AMBRE-DES-ABYSSES.png","https://www.dufteriet.no/2025/08/houbigant-ambre-des-abysses.html"
"H","HOUBIGANT - COLOGNE INTENSE","https://www.houbigant-parfum.com/cdn/shop/files/cihemotional01.jpg?v=4664849254013138255","H-HOUBIGANT---COLOGNE-INTENSE.jpg","https://www.dufteriet.no/2025/08/houbigant-cologne-intense.html"
"H","HOUBIGANT - DUC DE VERVINS L'EXTREME","https://us.houbigant-parfum.com/cdn/shop/files/ddvemotional01.jpg?v=1105993793356243133","H-HOUBIGANT---DUC-DE-VERVINS-L'EXTREME.jpg","https://www.dufteriet.no/2025/08/houbigant-duc-de-vervins-lextreme.html"
"H","HOUBIGANT - FOUGERE ROYALE (2010 EDP)","https://fragrancehouse.co.uk/wp-content/uploads/2024/03/Houbigant-Fougere-Royale-Extrait-de-Parfum-Ad-1.jpg","H-HOUBIGANT---FOUGERE-ROYALE-(2010-EDP).jpg","https://www.dufteriet.no/2025/08/houbigant-fougere-royale-2010-edp.html"
"H","HUGO BOSS - BOTTLED NIGHT","https://image-resizing.booztcdn.com/hugo-boss-fragrance/hbf11800603001_cclear_10.webp?has_grey=0&has_webp=1&version=7f9e99381d72daad2640608d5bda7b8c&dpr=2.5&size=w400","H-HUGO-BOSS---BOTTLED-NIGHT.webp","https://www.dufteriet.no/2025/08/hugo-boss-bottled-night.html"
"I","INITIO PARFUMS - PSYCHEDELIC LOVE","https://indiehousefragrances.com/cdn/shop/products/ScreenShot2021-09-07at2.41.15PM_1800x1800.png?v=1662396719","I-INITIO-PARFUMS---PSYCHEDELIC-LOVE.png","https://www.dufteriet.no/2025/08/initio-parfums-psychedelic-love.html"
"I","INITIO PARFUMS - SIDE EFFECT","https://fredrikoglouisa.no/wp-content/uploads/2024/05/3701415902596_1.jpg","I-INITIO-PARFUMS---SIDE-EFFECT.jpg","https://www.dufteriet.no/2025/08/initio-parfums-side-effect.html"
"I","ISSEY MIYAKE - L'EAU D'ISSEY POUR HOMME NOIR AMBRÈ","https://shinacosmetics.com/wp-content/uploads/2024/07/noir-ambre-issey-miyake-for-men-1024x1024.jpg","I-ISSEY-MIYAKE---L'EAU-D'ISSEY-POUR-HOMME-NOIR-AMBRÈ.jpg","https://www.dufteriet.no/2025/08/issey-miyake-leau-dissey-pour-homme.html"
"K","KILIAN - BAMBOO HARMONY","https://m.bykilian.com/media/images/products/833x968/kl_sku_N3E101_833x968_4.jpg","K-KILIAN---BAMBOO-HARMONY.jpg","https://www.dufteriet.no/2025/08/kilian-bamboo-harmony.html"
"L","LES INDEMODABLES - AMBRE SUPREME","https://fimgs.net/mdimg/perfume-thumbs/375x500.70274.jpg","L-LES-INDEMODABLES---AMBRE-SUPREME.jpg","https://www.dufteriet.no/2025/08/les-indemodables-ambre-supreme.html"
"L","LORENZO PAZZAGLIA - EVIL ANGEL A.K.A. 28.09","https://lifestyleperfume.am/images/product/5128/1734256565-464.jpg","L-LORENZO-PAZZAGLIA---EVIL-ANGEL-A.K.A.-28.09.jpg","https://www.dufteriet.no/2025/08/lorenzo-pazzaglia-evil-angel-aka-2809.html"
"L","LORENZO PAZZAGLIA - SPEACHLESS","https://www.beautytheshop.com/imgs/productos_cosmetica/resized/680x680/8050628980576_2.webp","L-LORENZO-PAZZAGLIA---SPEACHLESS.webp","https://www.dufteriet.no/2025/08/lorenzo-pazzaglia-speachless.html"
"L","LOUIS VUITTON - AU HASARD","https://en.louisvuitton.com/images/is/image/lv/1/PP_VP_L/louis-vuitton-au-hasard--LP0054_PM1_Interior%20view.jpg","L-LOUIS-VUITTON---AU-HASARD.jpg","https://www.dufteriet.no/2025/08/louis-vuitton-au-hasard.html"
"L","LOUIS VUITTON - CITY OF STARS","https://eu.louisvuitton.com/images/is/image/lv/1/PP_VP_L/louis-vuitton-city-of-stars---LP0282_PM1_Side%20view.jpg","L-LOUIS-VUITTON---CITY-OF-STARS.jpg","https://www.dufteriet.no/2025/08/louis-vuitton-city-of-stars.html"
"L","LOUIS VUITTON - IMAGINATION","https://en.louisvuitton.com/images/is/image/lv/1/PP_VP_L/louis-vuitton-imagination--LP0221_PM1_Interior%20view.jpg","L-LOUIS-VUITTON---IMAGINATION.jpg","https://www.dufteriet.no/2025/08/louis-vuitton-imagination.html"
"L","LOUIS VUITTON - L’IMMENSITÉ","https://sg.louisvuitton.com/content/dam/lv/online/high-end/men/fragrance/M_Fr_limmensite.html/jcr:content/assets/IMMENSITE_LOUIS-VUITTON_010_CAMPAIGN_VISUAL_LV_COM_1600x2000_DII.jpg","L-LOUIS-VUITTON---L’IMMENSITÉ.jpg","https://www.dufteriet.no/2025/08/louis-vuitton-limmensite.html"
"L","LOUIS VUITTON - MÉTÉORE","https://my.louisvuitton.com/images/is/image/lv/1/PP_VP_L/louis-vuitton-meteore--LP0160_PM1_Interior%20view.jpg","L-LOUIS-VUITTON---MÉTÉORE.jpg","https://www.dufteriet.no/2025/08/louis-vuitton-meteore.html"
"L","LOUIS VUITTON - SUN SONG (2025)","https://en.louisvuitton.com/images/is/image/lv/1/PP_VP_L/louis-vuitton-sun-song--LP0427_PM1_Side%20view.jpg","L-LOUIS-VUITTON---SUN-SONG-(2025).jpg","https://www.dufteriet.no/2025/08/louis-vuitton-sun-song-2025.html"
"L","LOUIS VUITTON - SYMPHONY","https://uk.louisvuitton.com/images/is/image/lv/1/PP_VP_L/louis-vuitton-symphony--LP0249_PM1_Detail%20view.jpg","L-LOUIS-VUITTON---SYMPHONY.jpg","https://www.dufteriet.no/2025/08/louis-vuitton-symphony.html"
"L","LOUIS VUITTON ORAGE","https://my.louisvuitton.com/images/is/image/lv/1/PP_VP_L/louis-vuitton-orage--LP0051_PM1_Interior%20view.jpg","L-LOUIS-VUITTON-ORAGE.jpg","https://www.dufteriet.no/2025/08/louis-vuitton-orage.html"
"L","LOUMARI - AOMAK","https://tuxedo.no/cdn/shop/files/aomak2_jpg.webp?v=1755272345&width=1445","L-LOUMARI---AOMAK.webp","https://www.dufteriet.no/2025/08/loumari-aomak.html"
"L","LOUMARI - PORTHOLE","https://tuxedo.no/cdn/shop/files/Porthole_58a1d071-57a6-4633-bf6e-1a161420d315.jpg?v=1755271734&width=1946","L-LOUMARI---PORTHOLE.jpg","https://www.dufteriet.no/2025/08/loumari-porthole.html"
"M","MAISON FRANCIS KURKDJIAN - PETIT MATIN","https://www.lessenteurs.com/cdn/shop/files/petit-matin_2.png?v=1747671348&width=1946","M-MAISON-FRANCIS-KURKDJIAN---PETIT-MATIN.png","https://www.dufteriet.no/2025/08/maison-francis-kurkdjian-petit-matin.html"
"M","MAISON MARGIELA JAZZ CLUB","https://image-resizing.booztcdn.com/maison-margiela/mma37800103001_cclear_1.webp?has_grey=1&has_webp=1&version=936cec34e659a2e8338f2d04bdd94a5b&dpr=2.5&size=w400","M-MAISON-MARGIELA-JAZZ-CLUB.webp","https://www.dufteriet.no/2025/08/maison-margiela-jazz-club.html"
"M","MARC-ANTOINE BARROIS - GANYMEDE","https://www.sitexo.com/cache/thumbs/5cb580eb9915c17d701d1e2a/0x0-none/import_o.78371.jpg.webp","M-MARC-ANTOINE-BARROIS---GANYMEDE.webp","https://www.dufteriet.no/2025/08/marc-antoine-barrois-ganymede.html"
"M","MEMO - RUSSIAN LEATHER","https://www.libertineparfumerie.com.au/cdn/shop/files/3700458612356_2_1800x1800.jpg?v=1719467012","M-MEMO---RUSSIAN-LEATHER.jpg","https://www.dufteriet.no/2025/08/memo-russian-leather.html"
"M","MIND GAMES - BLOCKADE","https://perfumedefrance.com/cdn/shop/products/Blockade_960x_crop_center_ea576817-6e17-4d95-a428-5d0d20f7568d_1024x.webp?v=1666837439","M-MIND-GAMES---BLOCKADE.webp","https://www.dufteriet.no/2025/08/mind-games-blockade.html"
"M","MIND GAMES - THE FORWARD","https://zgoperfumery.com/cdn/shop/files/Mind_Games_THE_FORWARD_2.jpg?v=1750622769&width=2000","M-MIND-GAMES---THE-FORWARD.jpg","https://www.dufteriet.no/2025/08/mind-games-forward.html"
"M","MITH - MYSTERY FOR HIM","https://product.hstatic.net/200000201387/product/15_82a06c156dbc457186fa5242e6857784_master.jpg","M-MITH---MYSTERY-FOR-HIM.jpg","https://www.dufteriet.no/2025/08/mith-mystery-for-him.html"
"M","MONTBLANC EXPLORER EDP","https://mcgrocer.com/cdn/shop/files/montblanc-explorer-eau-de-parfum-60ml-40819119784174.jpg?v=1743869127","M-MONTBLANC-EXPLORER-EDP.jpg","https://www.dufteriet.no/2025/08/blog-post.html"
"M","MONTBLANC EXPLORER EXTREME","https://fimgs.net/himg/o.Skz5RgUWGHW.jpg","M-MONTBLANC-EXPLORER-EXTREME.jpg","https://www.dufteriet.no/2025/08/montblanc-explorer-extreme.html"
"N","NASOMATTO - BARAONDA","https://parfumexquis.com/cdn/shop/files/BaraondaNasomatto_2.jpg?v=1743698976&width=1400","N-NASOMATTO---BARAONDA.jpg","https://www.dufteriet.no/2025/08/nasomatto-baraonda.html"
"N","NASOMATTO - BLAMAGE","https://u-mercari-images.mercdn.net/photos/m49707481668_2.jpg","N-NASOMATTO---BLAMAGE.jpg","https://www.dufteriet.no/2025/08/nasomatto-blamage.html"
"N","NISHANE - B-612","https://cdn4.beautinow.com/wp-content/uploads/2023/08/700.2.jpg","N-NISHANE---B-612.jpg","https://www.dufteriet.no/2025/08/nishane-b-612.html"
"N","NISHANE - EGE","https://cdn4.beautinow.com/wp-content/uploads/2023/08/EGE-Extrait-de-Parfum-1.jpg","N-NISHANE---EGE.jpg","https://www.dufteriet.no/2025/08/nishane-ege.html"
"N","NISHANE - HUNDRED SILENT WAYS","https://myer-media.com.au/wcsstore/MyerCatalogAssetStore/images/15/151/1449/100/1/137987380/137987380_5_720x928.webp?w=1920&q=75","N-NISHANE---HUNDRED-SILENT-WAYS.webp","https://www.dufteriet.no/2025/08/nishane-hundred-silent-ways.html"
"N","NISHANE - HUNDRED SILENT WAYS X","https://www.mazaya.eg/media/catalog/product/8/6/8683608071041_2_.jpg?store=en&image-type=image","N-NISHANE---HUNDRED-SILENT-WAYS-X.jpg","https://www.dufteriet.no/2025/08/nishane-hundred-silent-ways-x.html"
"N","NISHANE - KARAGOZ","https://fredrikoglouisa.no/wp-content/uploads/2023/08/8681008055401_5.jpg","N-NISHANE---KARAGOZ.jpg","https://www.dufteriet.no/2025/08/nishane-karagoz.html"
"N","NISHANE - MANA","https://alphagrooming.no/cdn/shop/files/0400017245918_NOCOLOR_A4_312ccc97-349a-4cb8-ad40-c0b68bd6b597_1800x1800.png?v=1714392794","N-NISHANE---MANA.png","https://www.dufteriet.no/2025/08/nishane-mana.html"
"N","NISHANE - WULONG CHA X","https://cdn4.beautinow.com/wp-content/uploads/2024/05/22-1.webp","N-NISHANE---WULONG-CHA-X.webp","https://www.dufteriet.no/2025/08/nishane-wulong-cha-x.html"
"N","NISHANE - ZENNE","https://cdn4.beautinow.com/wp-content/uploads/2024/03/Zenne-Extrait-de-Parfum-50ml-2.jpg","N-NISHANE---ZENNE.jpg","https://www.dufteriet.no/2025/08/nishane-zenne.html"
"N","NOBILE 1942 - IL CAPRICCIO DEL MAESTRO","https://www.lajeteeperfumery.com/cdn/shop/files/IMG-5278_1080x.jpg?v=1700514848","N-NOBILE-1942---IL-CAPRICCIO-DEL-MAESTRO.jpg","https://www.dufteriet.no/2025/08/nobile-1942-il-capriccio-del-maestro.html"
"O","ORTO PARISI - BOCCANERA","https://www.perfumelounge.eu/_next/image?url=https%3A%2F%2Fmedia.perfumelounge.eu%2Ffile%2Fperfumelounge%2Fperfumelounge%2Foriginal_images%2FOrto_Parisi_-_Boccanera_extrait_de_parfum_50_ml_2.jpg&w=3840&q=75","O-ORTO-PARISI---BOCCANERA.jpg","https://www.dufteriet.no/2025/08/orto-parisi-boccanera.html"
"O","ORTO PARISI - BRUTUS","https://www.woodberg.de/cdn/shop/files/Orto-Parisi-Brutus-02_5ff1c958-d8c3-44aa-a3d3-c66354a943f0.jpg?v=1720131767&width=1000","O-ORTO-PARISI---BRUTUS.jpg","https://www.dufteriet.no/2025/08/orto-parisi-brutus.html"
"O","ORTO PARISI - CUOIUM","https://static.wixstatic.com/media/1c0814_c82dfe9bfb33482c92445ec6779d8cb7~mv2.jpg/v1/fill/w_1000,h_1000,al_c,q_85,usm_0.66_1.00_0.01/1c0814_c82dfe9bfb33482c92445ec6779d8cb7~mv2.jpg","O-ORTO-PARISI---CUOIUM.jpg","https://www.dufteriet.no/2025/08/orto-parisi-cuoium.html"
"O","ORTO PARISI - STERCUS","https://www.giraofertas.com.br/wp-content/uploads/2024/10/Stercus-Orto-Parisi-Parfum-05.jpg","O-ORTO-PARISI---STERCUS.jpg","https://www.dufteriet.no/2025/08/orto-parisi-stercus.html"
"P","PANA DORA - AQUA DE DORA","https://www.frmoda.com/media/catalog/product/e/2/e2e404b8e03f7a995ef4f98a40e066e5729815fb90191236c056e52c67de7c17.jpeg?quality=90&fit=bounds&height=840&width=700&canvas=700:840","P-PANA-DORA---AQUA-DE-DORA.jpeg","https://www.dufteriet.no/2025/08/pana-dora-aqua-de-dora.html"
"P","PANA DORA - FOREVER LOVE","https://www.pmprofumeria.it/wp-content/uploads/2024/06/pana-dora-forever-love-eau-de-parfum-unisex-pm-profumeria-niche-lecce-concessionario-ufficiale-nose-ibrahim-al-zoabi-niche-perfume-edp-100-ml-03.jpg","P-PANA-DORA---FOREVER-LOVE.jpg","https://www.dufteriet.no/2025/08/pana-dora-forever-love.html"
"P","PANA DORA - GRAND MUSK","https://panadora.se/cdn/shop/files/PanaDora_GrandMusk_InstagramStoriesVerticalFormat_grande.jpg?v=1706264264","P-PANA-DORA---GRAND-MUSK.jpg","https://www.dufteriet.no/2025/08/pana-dora-grand-musk.html"
"P","PANA DORA - MOONLIGHT","https://www.xn--ssskind-n2a.de/media/image/product/1148/md/moonlight-probe-abfuellung-2ml-von-pana-dora.jpg","P-PANA-DORA---MOONLIGHT.jpg","https://www.dufteriet.no/2025/08/pana-dora-moonlight.html"
"P","PANA DORA - OPULUXE","https://encrypted-tbn0.gstatic.com/images?q=tbn:ANd9GcQd5bNthW1Fn-vIuXIjVNVboLHw8uSck2k8YQ&s","P-PANA-DORA---OPULUXE.jpg","https://www.dufteriet.no/2025/08/pana-dora-opuluxe.html"
"P","PANA DORA - SWEDISH WOOD EXTRAIT","https://lovecareskin.de/wp-content/uploads/2022/12/products-Pana-Dora-Swedish-Wood-Extrait-3.jpg","P-PANA-DORA---SWEDISH-WOOD-EXTRAIT.jpg","https://www.dufteriet.no/2025/08/pana-dora-swedish-wood-extrait.html"
"P","PARFUMS DE MARLY - BYERLEY","https://mediafiles.maxaroma.com/9cd29e92-4b8f-436f-ad1f-8e368b30dc1d/https://www.maxaroma.com/images/product-story/story-images/UP3700578509000_one.png?ver=1672240317","P-PARFUMS-DE-MARLY---BYERLEY.png","https://www.dufteriet.no/2025/08/parfums-de-marly-byerley.html"
"P","PARFUMS DE MARLY - CASTLEY","https://perpredb.sirv.com/magento/catalog/product/p/a/parfums_de_marly_castley_1_.jpg?q=80&canvas.width=600&canvas.height=600&canvas.color=ffffff&w=600&h=600","P-PARFUMS-DE-MARLY---CASTLEY.jpg","https://www.dufteriet.no/2025/08/parfums-de-marly-castley.html"
"P","PARFUMS DE MARLY - DARLEY","https://www.scentsangel.com/cdn/shop/files/UP3700578501004_1_750x.jpg?v=1747243781","P-PARFUMS-DE-MARLY---DARLEY.jpg","https://www.dufteriet.no/2025/08/parfums-de-marly-darley.html"
"P","PARFUMS DE MARLY - ORIANA","https://encrypted-tbn0.gstatic.com/images?q=tbn:ANd9GcR3QmLOH7oFPGaREeyVttWgykAvWToMJp9Avw&s","P-PARFUMS-DE-MARLY---ORIANA.jpg","https://www.dufteriet.no/2025/08/parfums-de-marly-oriana.html"
"P","PARFUMS DE MARLY - PEGASUS","https://parfums-de-marly.com/cdn/shop/files/PEGASUS-PERFUME-125-PACK3-1x1.jpg?v=1751887788&width=1280","P-PARFUMS-DE-MARLY---PEGASUS.jpg","https://www.dufteriet.no/2025/08/parfums-de-marly-pegasus.html"
"P","PARFUMS DE MARLY - SEDLEY","https://tuxedo.no/cdn/shop/files/3_4dd8cf65-7dd1-42e1-a699-c8414cdda067.webp?v=1735771600&width=1445","P-PARFUMS-DE-MARLY---SEDLEY.webp","https://www.dufteriet.no/2025/08/parfums-de-marly-sedley.html"
"P","PARIS CORNER - NORTH STAG EXPRESSIONS IV QUATRE","https://www.aromaconcepts.co.uk/cdn/shop/products/NorthStagExpressionsIVQUARTE2.jpg?v=1749017125&width=1946","P-PARIS-CORNER---NORTH-STAG-EXPRESSIONS-IV-QUATRE.jpg","https://www.dufteriet.no/2025/08/paris-corner-north-stag-expressions-iv.html"
"P","PARIS CORNER - RIFAAQAT","https://orioudh.com/cdn/shop/files/rifaaqat-uni-edp-85ml-paris-corner-307698-55422897389899_2048x.jpg?v=1726329942","P-PARIS-CORNER---RIFAAQAT.jpg","https://www.dufteriet.no/2025/08/paris-corner-rifaaqat.html"
"R","ROGUE PERFUMERY - BON MONSIEUR","https://cdn.shopify.com/s/files/1/0658/2793/0347/files/IMG-3361.jpg?v=1695411343","R-ROGUE-PERFUMERY---BON-MONSIEUR.jpg","https://www.dufteriet.no/2025/08/rogue-perfumery-bon-monsieur.html"
"R","ROGUE PERFUMERY - FOUGERE L'AUBE","https://cdn.shopify.com/s/files/1/0658/2793/0347/files/fern.png?v=1755194006","R-ROGUE-PERFUMERY---FOUGERE-L'AUBE.png","https://www.dufteriet.no/2025/08/rogue-perfumery-fougere-laube.html"
"R","ROGUE PERFUMERY - TARGHEE FOREST","https://cdn.shopify.com/s/files/1/0658/2793/0347/files/tryagain2.jpg?v=1698436050","R-ROGUE-PERFUMERY---TARGHEE-FOREST.jpg","https://www.dufteriet.no/2025/08/rogue-perfumery-targhee-forest.html"
"R","ROJA LONDON - A MIDSUMMER DREAM","https://cdn4.beautinow.com/wp-content/uploads/2024/04/673.2.jpg","R-ROJA-LONDON---A-MIDSUMMER-DREAM.jpg","https://www.dufteriet.no/2025/08/roja-london-midsummer-dream.html"
"R","ROJA LONDON - APEX EAU INTENSE","https://rojalondon.com/cdn/shop/files/apex-eau-intense-eau-de-parfum-roja-parfums-670339.jpg?v=1753953158&width=1946","R-ROJA-LONDON---APEX-EAU-INTENSE.jpg","https://www.dufteriet.no/2025/08/roja-london-apex-eau-intense.html"
"R","ROJA LONDON - APEX EDP","https://m.media-amazon.com/images/I/51q7JewNbPL._UF894,1000_QL80_.jpg","R-ROJA-LONDON---APEX-EDP.jpg","https://www.dufteriet.no/2025/08/roja-london-apex-edp.html"
"R","ROJA LONDON - BURLINGTON 1819","https://cdn4.beautinow.com/wp-content/uploads/2024/04/674.2.jpg","R-ROJA-LONDON---BURLINGTON-1819.jpg","https://www.dufteriet.no/2025/08/roja-london-burlington-1819.html"
"R","ROJA LONDON - DANGER POUR HOMME PC","https://static1.sabinacdn.com/27675-thickbox_default/danger-pour-homme.jpg","R-ROJA-LONDON---DANGER-POUR-HOMME-PC.jpg","https://www.dufteriet.no/2025/08/roja-london-danger-pour-homme-pc.html"
"R","ROJA LONDON - ELYSIUM POUR HOMME EAU INTENSE","https://visionaryfragrances.com/cdn/shop/products/ROJAELYSIUMEILarge-984114_1200x1200.jpg?v=1689907199","R-ROJA-LONDON---ELYSIUM-POUR-HOMME-EAU-INTENSE.jpg","https://www.dufteriet.no/2025/08/roja-london-elysium-pour-homme-eau.html"
"R","ROJA LONDON - ELYSIUM POUR HOMME PC","https://static1.sabinacdn.com/27676-thickbox_default/elysium-pour-homme.jpg","R-ROJA-LONDON---ELYSIUM-POUR-HOMME-PC.jpg","https://www.dufteriet.no/2025/08/roja-london-elysium-pour-homme-pc.html"
"R","ROJA LONDON - ENIGMA PARFUM COLOGNE","https://myer-media.com.au/wcsstore/MyerCatalogAssetStore/images/15/151/1449/100/1/933742810/933742810_3_720x928.webp?w=1920&q=75","R-ROJA-LONDON---ENIGMA-PARFUM-COLOGNE.webp","https://www.dufteriet.no/2025/08/roja-london-enigma-parfum-cologne.html"
"R","ROJA LONDON - FETISH POUR HOMME","https://cdn.riah.ae/storage/upload/images/2024/04/18/6620b4a290d21.jpg","R-ROJA-LONDON---FETISH-POUR-HOMME.jpg","https://www.dufteriet.no/2025/08/roja-london-fetish-pour-homme.html"
"R","ROJA LONDON - ISOLA BLU","https://fredrikoglouisa.no/wp-content/uploads/2024/10/5056663800049_5.jpg","R-ROJA-LONDON---ISOLA-BLU.jpg","https://www.dufteriet.no/2025/08/roja-london-isola-blu.html"
"R","ROJA LONDON - RECKLESS PARFUM POUR HOMME","https://cdn.riah.ae/storage/upload/images/2023/08/24/64e6f88acd98e.jpg","R-ROJA-LONDON---RECKLESS-PARFUM-POUR-HOMME.jpg","https://www.dufteriet.no/2025/08/roja-london-reckless-parfum-pour-homme.html"
"R","ROJA LONDON - SCANDAL POUR HOMME PC","https://amarisbeauty.com/cdn/shop/products/5060370916894-d_800x.jpg?v=1707896119","R-ROJA-LONDON---SCANDAL-POUR-HOMME-PC.jpg","https://www.dufteriet.no/2025/08/blog-post_28.html"
"R","ROJA LONDON - VETIVER POUR HOMME PC","https://www.myperfumeshop.co.nz/cdn/shop/files/Roja_Parfums_Vetiver_Pour_Homme_Parfum_-_Google_Search_-_253.jpg?v=1702890229&width=2048","R-ROJA-LONDON---VETIVER-POUR-HOMME-PC.jpg","https://www.dufteriet.no/2025/08/roja-london-vetiver-pour-homme-pc.html"
"R","ROOM 1015 - POWER BALLAD","https://scentury.com/wp-content/uploads/2017/03/room1015-power-ballad-roberto-greco.jpg","R-ROOM-1015---POWER-BALLAD.jpg","https://www.dufteriet.no/2025/08/room-1015-power-ballad.html"
"S","SOSPIRO - BASSO","https://media.karousell.com/media/photos/products/2024/11/17/basso_by_sospiro_100ml__sealed_1731832803_d13c1d25_progressive","S-SOSPIRO---BASSO.jpg","https://www.dufteriet.no/2025/08/sospiro-basso.html"
"S","SOSPIRO - IL PADRINO","https://parfumexquis.com/cdn/shop/files/IlPadrinoSospiro_5.jpg?v=1750192972&width=1400","S-SOSPIRO---IL-PADRINO.jpg","https://www.dufteriet.no/2025/08/sospiro-il-padrino.html"
"S","STÉPHANE HUMBERT LUCAS - 2022 GENERATION HOMME","https://zgoperfumery.com/cdn/shop/files/ZGO_SHL_2022_generation_2.jpg?v=1750622806&width=1080","S-STÉPHANE-HUMBERT-LUCAS---2022-GENERATION-HOMME.jpg","https://www.dufteriet.no/2025/08/stephane-humbert-lucas-2022-generation.html"
"S","STÉPHANE HUMBERT LUCAS - GOD OF FIRE","https://www.scentedsamples.co.uk/cdn/shop/files/IMG-0968.jpg?v=1716215412&width=1946","S-STÉPHANE-HUMBERT-LUCAS---GOD-OF-FIRE.jpg","https://www.dufteriet.no/2025/08/stephane-humbert-lucas-god-of-fire.html"
"T","THE MERCHANT OF VENICE - ARABESQUE","https://www.myperfumeshop.co.nz/cdn/shop/files/pixelcut-export_4_a924596a-3ee5-481e-9214-c2a4d1cd117c.jpg?v=1717056856&width=1322","T-THE-MERCHANT-OF-VENICE---ARABESQUE.jpg","https://www.dufteriet.no/2025/08/the-merchant-of-venice-arabesque.html"
"T","TOM FORD - AZURE LIME","https://fredrikoglouisa.no/wp-content/uploads/2024/09/888066131438_2.jpg","T-TOM-FORD---AZURE-LIME.jpg","https://www.dufteriet.no/2025/08/tom-ford-azure-lime.html"
"T","TOM FORD - BLACK ORCHID PARFUM","https://cdn.paris-avenues.com/image/cache/catalog/Product2/888066112734-1.jpg-550x550.jpg","T-TOM-FORD---BLACK-ORCHID-PARFUM.jpg","https://www.dufteriet.no/2025/08/tom-ford-black-orchid-parfum.html"
"T","TOM FORD - CHERRY SMOKE","https://www.cityperfume.com.au/assets/alt_3/614318.webp?20250402160458","T-TOM-FORD---CHERRY-SMOKE.webp","https://www.dufteriet.no/2025/08/tom-ford-cherry-smoke.html"
"T","TOM FORD - FLEUR DE CHINE","https://cdn.riah.ae/storage/upload/images/2023/11/28/6565c88d2c38a.jpg","T-TOM-FORD---FLEUR-DE-CHINE.jpg","https://www.dufteriet.no/2025/08/tom-ford-fleur-de-chine.html"
"T","TOM FORD - FUCKING FABULOUS (EDP)","https://labelleperfumes.com/cdn/shop/products/TOM-FORD-FUCKING-FABULOUS_800x.jpg?v=1572894766","T-TOM-FORD---FUCKING-FABULOUS-(EDP).jpg","https://www.dufteriet.no/2025/08/tom-ford-fucking-fabulous-edp.html"
"T","TOM FORD - NEROLI PORTOFINO (EDP)","https://images.matas.dk/trs/wNaN//encode/888066008433_2_20231204163719.jpg","T-TOM-FORD---NEROLI-PORTOFINO-(EDP).jpg","https://www.dufteriet.no/2025/08/tom-ford-neroli-portofino-edp.html"
"T","TOM FORD - NOIR (EDP)","https://www.proshop.no/Images/1600x1200/2925126_c22506755ec5.jpg","T-TOM-FORD---NOIR-(EDP).jpg","https://www.dufteriet.no/2025/08/tom-ford-noir-edp.html"
"T","TOM FORD - NOIR EXTREME (EDP)","https://www.myperfumeshop.com.au/cdn/shop/products/tom-ford-noir-extreme-edp-perfume-for-them-251259.jpg?v=1626584435&width=800","T-TOM-FORD---NOIR-EXTREME-(EDP).jpg","https://www.dufteriet.no/2025/08/tom-ford-noir-extreme-edp.html"
"T","TOM FORD - OMBRÉ LEATHER PARFUM","https://www.kochparfymeri.no/cdn/shop/products/s888066117692_2_1100x.jpg?v=1646746932","T-TOM-FORD---OMBRÉ-LEATHER-PARFUM.jpg","https://www.dufteriet.no/2025/08/tom-ford-ombre-leather-parfum.html"
"T","TOM FORD - OUD MINERALE PRIVATE BLEND","https://images-cdn.ubuy.ae/63b6ff6b66b87c16c33f1c63-tom-ford-oud-minerale-eau-de-parfum.jpg","T-TOM-FORD---OUD-MINERALE-PRIVATE-BLEND.jpg","https://www.dufteriet.no/2025/08/tom-ford-oud-minerale-private-blend.html"
"T","TOM FORD - OUD WOOD","https://theperfumemag.com/wp-content/uploads/2023/10/Tom-Ford-Oud-Wood-3.jpg","T-TOM-FORD---OUD-WOOD.jpg","https://www.dufteriet.no/2025/08/tom-ford-oud-wood.html"
"T","TOM FORD - ROSE DE RUSSIE","https://glowupnation.com/cdn/shop/files/TomFordRoseDeRussieEauDeParfum50ml2.jpg?v=1725621955&width=1500","T-TOM-FORD---ROSE-DE-RUSSIE.jpg","https://www.dufteriet.no/2025/08/tom-ford-rose-de-russie.html"
"T","TOM FORD - TOBACCO VANILLE","https://www.kochparfymeri.no/cdn/shop/products/4_91bbcb38-940a-4bc5-81f0-82badd895031.jpg?v=1646921666","T-TOM-FORD---TOBACCO-VANILLE.jpg","https://www.dufteriet.no/2025/08/tom-ford-tobacco-vanille.html"
"T","TOM FORD - TUSCAN LEATHER","https://cdn.media.amplience.net/i/harryrosen/56730006-1?$pdp-m$&undefined&maxW=3840&fmt=auto","T-TOM-FORD---TUSCAN-LEATHER.jpg","https://www.dufteriet.no/2025/08/tom-ford-tuscan-leather.html"
"W","WIDIAN LONDON EAU DE PARFUM","https://cdn2.emporium.az/i/p/500/196190-500f64ba6c315389c9bafad24752d10e.jpg","W-WIDIAN-LONDON-EAU-DE-PARFUM.jpg","https://www.dufteriet.no/2025/08/widian-london-eau-de-parfum.html"
"X","XERJOFF - 40 KNOTS","https://amarisbeauty.com/cdn/shop/files/Untitleddesign_6_800x.png?v=1687682953","X-XERJOFF---40-KNOTS.png","https://www.dufteriet.no/2025/08/xerjoff-40-knots.html"
"X","XERJOFF - ALEXANDRIA III","https://m.media-amazon.com/images/I/71fiMRKuu4L._UF894,1000_QL80_.jpg","X-XERJOFF---ALEXANDRIA-III.jpg","https://www.dufteriet.no/2025/08/xerjoff-alexandria-iii.html"
"X","XERJOFF - KOBE","https://www.lajeteeperfumery.com/cdn/shop/products/image_d029d33d-b067-49e2-a6ae-1741dbba3d58.jpg?v=1632104688","X-XERJOFF---KOBE.jpg","https://www.dufteriet.no/2025/08/xerjoff-kobe.html"
"X","XERJOFF - LOUIS XV 1722","https://www.xerjoff.com/cdn/shop/files/gallery-xerjoff-louisxv-still.jpg?v=1747310464&width=1946","X-XERJOFF---LOUIS-XV-1722.jpg","https://www.dufteriet.no/2025/08/xerjoff-louis-xv-1722.html"
"X","XERJOFF - MAMLUK","https://www.xerjoff.com/cdn/shop/files/gallery-xerjoff-mamluk-still.jpg?v=1749825606&width=1946","X-XERJOFF---MAMLUK.jpg","https://www.dufteriet.no/2025/08/xerjoff-mamluk.html"
"X","XERJOFF - NIO","https://www.xn--ssskind-n2a.de/media/image/product/37/lg/shooting-stars-nio-abfuellung-2ml-von-xerjoff.jpg","X-XERJOFF---NIO.jpg","https://www.dufteriet.no/2025/08/xerjoff-nio.html"
"X","XERJOFF - TONY IOMMI MONKEY SPECIAL","https://www.xerjoff.com/cdn/shop/files/gallery-xerjoff-monkeyspecial-still.jpg?v=1747301790&width=1946","X-XERJOFF---TONY-IOMMI-MONKEY-SPECIAL.jpg","https://www.dufteriet.no/2025/08/xerjoff-tony-iommi-monkey-special.html"
"X","XERJOFF - TORINO21","https://www.cityperfume.com.au/assets/alt_1/901211.jpg?20250114082117","X-XERJOFF---TORINO21.jpg","https://www.dufteriet.no/2025/08/xerjoff-torino21.html"
"X","XERJOFF - TORINO22","https://kvapniosdalybos.lt/cdn/shop/products/torino222.jpg?v=1753907806","X-XERJOFF---TORINO22.jpg","https://www.dufteriet.no/2025/08/xerjoff-torino22.html"
"X","XERJOFF - XJ 1861 NAXOS","https://i.pinimg.com/564x/a7/1c/39/a71c39039ac9330bc01e844f23573a76.jpg","X-XERJOFF---XJ-1861-NAXOS.jpg","https://www.dufteriet.no/2025/08/xerjoff-xj-1861-naxos.html"
"Y","YVES SAINT LAURENT - KOUROS","https://images.squarespace-cdn.com/content/v1/628dfe7bb3a5095d9c416d06/1695735554567-K7Z843EJMMV40XW0ZDKB/Yves-Saint-Laurent-Kouros-1280x720.jpg?format=1000w","Y-YVES-SAINT-LAURENT---KOUROS.jpg","https://www.dufteriet.no/2025/08/yves-saint-laurent-kouros.html"
"Y","YVES SAINT LAURENT - Y EDP","https://cdn.blivakker.no/Media/Product/Image/750/346692b9-c8c2-474b-b90e-029343ce470f_32.jpeg","Y-YVES-SAINT-LAURENT---Y-EDP.jpeg","https://www.dufteriet.no/2025/08/yves-saint-laurent-y-edp.html"
"Z","ZIMAYA - SHARAF BLEND","https://images.finncdn.no/dynamic/1280w/bb/bb6c0af0-b73d-470c-8b6e-e33a0cc5102f","Z-ZIMAYA---SHARAF-BLEND.jpg","https://www.dufteriet.no/2025/08/zimaya-sharaf-blend.html"
"Z","ZOOLOGIST - BEAVER MAPLE EDITION","https://www.zoologistperfumes.com/cdn/shop/files/Scent-Beaver-Maple_2000x.jpg?v=1738268350","Z-ZOOLOGIST---BEAVER-MAPLE-EDITION.jpg","https://www.dufteriet.no/2025/08/zoologist-beaver-maple-edition.html"
"Z","ZOOLOGIST - KING COBRA","https://fimgs.net/himg/o.9VwBstbsHwY.jpg","Z-ZOOLOGIST---KING-COBRA.jpg","https://www.dufteriet.no/2025/08/zoologist-king-cobra.html"
"Z","ZOOLOGIST - PENGUIN","https://fimgs.net/mdimg/perfume-thumbs/375x500.88917.jpg","Z-ZOOLOGIST---PENGUIN.jpg","https://www.dufteriet.no/2025/08/zoologist-penguin.html"
"Z","ZOOLOGIST - RABBIT","https://fimgs.net/mdimg/perfume/o.91167.jpg","Z-ZOOLOGIST---RABBIT.jpg","https://www.dufteriet.no/2025/08/zoologist-rabbit.html"
"Z","ZOOLOGIST - TIGER","https://fimgs.net/mdimg/perfume-thumbs/375x500.80103.jpg","Z-ZOOLOGIST---TIGER.jpg","https://www.dufteriet.no/2025/08/zoologist-tiger.html"
